{
    "model_name": "fnn",
    "model_config": {
        "input_size": 8,
        "hidden_sizes": [
            64,
            32
        ],
        "output_size": 3,
        "dropout_rate": 0.3,
        "use_batch_norm": true
    },
    "training_config": {
        "batch_size": 64,
        "num_epochs": 150,
        "learning_rate": 0.0005,
        "val_split": 0.2,
        "device": "cuda",
        "random_seed": 42,
        "early_stopping_patience": 15,
        "early_stopping_min_delta": 1e-05
    },
    "training_history": {
        "train_losses": [
            0.5201739934723704,
            0.379761429541997,
            0.34594531289559827,
            0.33576053838365744,
            0.3255307075719524,
            0.3217150526557761,
            0.3145714666260551,
            0.3104652089072989,
            0.3043858279452873,
            0.30703651491663925,
            0.3021111292755708,
            0.30406285653357346,
            0.30868568690471615,
            0.3020963447682729,
            0.30350211871751676,
            0.3009063905340034,
            0.3037851516420704,
            0.3050621623554191,
            0.30315422726926733,
            0.30575441676713316,
            0.30853966500679036,
            0.3052926181567713,
            0.2967071421400236,
            0.30070075387156353,
            0.3051737965596221,
            0.3039605221927583,
            0.3010835347602593,
            0.2974830923053706,
            0.300162539632277,
            0.3021398818445528,
            0.298213310876377,
            0.2957278153807388,
            0.29588903554722285,
            0.29930687611489654,
            0.30220963071216167,
            0.2936901977202684,
            0.2945843564962307,
            0.2980133094131219,
            0.295366083367452,
            0.3002175672463118,
            0.29849923961969055,
            0.29684308247019553,
            0.296087924488449,
            0.29405599837527174,
            0.29778350849014723,
            0.29664585838956753,
            0.292915311854057,
            0.29597190359564923,
            0.2932647878743277,
            0.2935455237911569,
            0.2880453710765463
        ],
        "val_losses": [
            0.15349174547263209,
            0.104319338899051,
            0.1037651038998928,
            0.08592269942319053,
            0.07808893911336837,
            0.07835004030035649,
            0.06270796015752175,
            0.05873441627378129,
            0.06125121863580537,
            0.11478868342226502,
            0.0664790534623987,
            0.051789280539312255,
            0.06677076013924897,
            0.1482169729867549,
            0.06236927266413478,
            0.05453619812911224,
            0.0494952420132483,
            0.05367737373516522,
            0.11047568903180931,
            0.050621104230300175,
            0.045934164468223314,
            0.04624290450303144,
            0.051495238972816305,
            0.04677235071766133,
            0.06227401205092453,
            0.17170970866887827,
            0.049729473877718505,
            0.043959710416230514,
            0.0626658975432558,
            0.08324393507692278,
            0.044016109588286494,
            0.06563570103495411,
            0.055153224633755236,
            0.04313337920583516,
            0.06222987489971868,
            0.03789775519556917,
            0.042574857175007794,
            0.04987259306617972,
            0.05803805401947913,
            0.0457519651656799,
            0.042053471890022356,
            0.05314017489649253,
            0.047420251385834104,
            0.047411491926732975,
            0.07650410185536667,
            0.03952450058589212,
            0.04197436382785745,
            0.03794730561732383,
            0.12211968778572717,
            0.04096349534051549,
            0.06228231178332417
        ],
        "epochs": [
            1,
            2,
            3,
            4,
            5,
            6,
            7,
            8,
            9,
            10,
            11,
            12,
            13,
            14,
            15,
            16,
            17,
            18,
            19,
            20,
            21,
            22,
            23,
            24,
            25,
            26,
            27,
            28,
            29,
            30,
            31,
            32,
            33,
            34,
            35,
            36,
            37,
            38,
            39,
            40,
            41,
            42,
            43,
            44,
            45,
            46,
            47,
            48,
            49,
            50,
            51
        ],
        "best_val_loss": 0.03789775519556917,
        "best_epoch": 36,
        "stopped_early": true,
        "early_stopping_epoch": 51
    },
    "timing": {
        "start_time": 1748288228.744418,
        "end_time": 1748289038.9978726,
        "total_duration": 810.2534546852112
    },
    "normalization": {
        "feature_scaler_path": "training_models/fnn_feature_scaler.pkl",
        "target_scaler_path": "training_models/fnn_target_scaler.pkl"
    }
}