{
    "model_name": "hybrid",
    "model_config": {
        "input_size": 8,
        "cnn_channels": [
            16,
            32
        ],
        "lstm_hidden_size": 64,
        "lstm_num_layers": 2,
        "output_size": 3,
        "dropout_rate": 0.2,
        "sequence_length": 10
    },
    "training_config": {
        "batch_size": 64,
        "num_epochs": 150,
        "learning_rate": 0.0005,
        "val_split": 0.2,
        "device": "cuda",
        "random_seed": 42,
        "early_stopping_patience": 15,
        "early_stopping_min_delta": 1e-05
    },
    "training_history": {
        "train_losses": [
            0.2727003319838018,
            0.14559910113152746,
            0.13664385896882766,
            0.13458065359330884,
            0.13309685870365767,
            0.12758674216288274,
            0.12580301030108218,
            0.12489542738091933,
            0.12386309510112149,
            0.12062998417056028,
            0.12298865040847161,
            0.11743124919013294,
            0.11733099260925837,
            0.11432216303088712,
            0.11225449040511844,
            0.10317179815652566,
            0.10282047025095616,
            0.10147960271766986,
            0.09803805669784942,
            0.09515264812121364,
            0.09650717418299228,
            0.09393725651473185,
            0.09467533506295976,
            0.09277825366011307,
            0.09448519502832149,
            0.08827449362163377,
            0.09029626936880338,
            0.09220290941539305,
            0.09174753241972992,
            0.0916597708120247,
            0.08180902286770829,
            0.07973842703228498,
            0.07957987333445506,
            0.07835935607100429,
            0.07907709345711753,
            0.07816188543649394,
            0.07873242036487249,
            0.07724570530540517,
            0.08035427928881554,
            0.07757724670144779,
            0.08087014240527855,
            0.07970611061405758,
            0.07701689078807028,
            0.07694006160137046,
            0.07956901185733611,
            0.07912712526300084,
            0.07768451017434744,
            0.0781665619170061,
            0.07753604222055364,
            0.07606863176274765,
            0.07277108496295238,
            0.07339263042136611,
            0.07505799787320791,
            0.0715080349580006,
            0.07317067279258778,
            0.0738195392350566,
            0.0740639434126029,
            0.07373513898914015,
            0.07272102440982353,
            0.07280436287437554,
            0.07195986877118567,
            0.07059538903404228,
            0.07228696227113265,
            0.07170159464768115,
            0.07031726910975693,
            0.07036800732133051,
            0.07103530256741679,
            0.07079667339757485
        ],
        "val_losses": [
            0.0953380597858695,
            0.08295017679463153,
            0.08412392169349354,
            0.08247041867532771,
            0.08623532172682032,
            0.07867063307851148,
            0.08181134920443127,
            0.07097704732654514,
            0.07420452547276639,
            0.06942712786098044,
            0.0634058974889552,
            0.07421955746224997,
            0.055443310155621615,
            0.06861736787434167,
            0.05574905315539543,
            0.049731716182556944,
            0.05584640932558003,
            0.041078311562139085,
            0.05716012667930721,
            0.04793680267223982,
            0.03561429785810516,
            0.040564274606619655,
            0.043372713567253224,
            0.03354152484965489,
            0.03894722950029027,
            0.05056400329036509,
            0.045579249338642075,
            0.03659614274765151,
            0.0380301914792826,
            0.03978788730527356,
            0.0323328526866882,
            0.02881888044222739,
            0.027306032413260573,
            0.02755971074509554,
            0.029493274874149104,
            0.03016538953064434,
            0.035746519808840596,
            0.02702658192271557,
            0.027920485955928772,
            0.029566448523133483,
            0.02826096781792801,
            0.029445962130386548,
            0.03186467486864223,
            0.025142491674289263,
            0.02936476933633972,
            0.026550492058003115,
            0.02583322791017409,
            0.029244965916817373,
            0.03708350745991941,
            0.03143714848559317,
            0.028430494332824793,
            0.026039743475282748,
            0.023447592580143475,
            0.031331194425311,
            0.025023815532189426,
            0.02892676860430007,
            0.027257247598195318,
            0.02399595376438286,
            0.024181536295777274,
            0.025474963621047512,
            0.024001392128991546,
            0.026138043122494636,
            0.0269624037628816,
            0.024414747677439362,
            0.023659864835891973,
            0.025323225028655603,
            0.025847723954083288,
            0.024371187878081523
        ],
        "epochs": [
            1,
            2,
            3,
            4,
            5,
            6,
            7,
            8,
            9,
            10,
            11,
            12,
            13,
            14,
            15,
            16,
            17,
            18,
            19,
            20,
            21,
            22,
            23,
            24,
            25,
            26,
            27,
            28,
            29,
            30,
            31,
            32,
            33,
            34,
            35,
            36,
            37,
            38,
            39,
            40,
            41,
            42,
            43,
            44,
            45,
            46,
            47,
            48,
            49,
            50,
            51,
            52,
            53,
            54,
            55,
            56,
            57,
            58,
            59,
            60,
            61,
            62,
            63,
            64,
            65,
            66,
            67,
            68
        ],
        "best_val_loss": 0.023447592580143475,
        "best_epoch": 53,
        "stopped_early": true,
        "early_stopping_epoch": 68
    },