{
    "model_name": "hybrid",
    "model_config": {
        "input_size": 8,
        "cnn_channels": [
            16,
            32
        ],
        "lstm_hidden_size": 64,
        "lstm_num_layers": 2,
        "output_size": 3,
        "dropout_rate": 0.2,
        "sequence_length": 10
    },
    "training_config": {
        "batch_size": 64,
        "num_epochs": 150,
        "learning_rate": 0.0005,
        "val_split": 0.2,
        "device": "cuda",
        "random_seed": 42,
        "early_stopping_patience": 15,
        "early_stopping_min_delta": 1e-05
    },
    "training_history": {
        "train_losses": [
            0.2727003319838018,
            0.14559910113152746,
            0.13664385896882766,
            0.13458065359330884,
            0.13309685870365767,
            0.12758674216288274,
            0.12580301030108218,
            0.12489542738091933,
            0.12386309510112149,
            0.12062998417056028,
            0.12298865040847161,
            0.11743124919013294,
            0.11733099260925837,
            0.11432216303088712,
            0.11225449040511844,
            0.10317179815652566,
            0.10282047025095616,
            0.10147960271766986
        ],
        "val_losses": [
            0.0953380597858695,
            0.08295017679463153,
            0.08412392169349354,
            0.08247041867532771,
            0.08623532172682032,
            0.07867063307851148,
            0.08181134920443127,
            0.07097704732654514,
            0.07420452547276639,
            0.06942712786098044,
            0.0634058974889552,
            0.07421955746224997,
            0.055443310155621615,
            0.06861736787434167,
            0.05574905315539543,
            0.049731716182556944,
            0.05584640932558003,
            0.041078311562139085
        ],
        "epochs": [
            1,
            2,
            3,
            4,
            5,
            6,
            7,
            8,
            9,
            10,
            11,
            12,
            13,
            14,
            15,
            16,
            17,
            18
        ],
        "best_val_loss": 0.049731716182556944,
        "best_epoch": 16,
        "stopped_early": false,
        "early_stopping_epoch": null
    },
    "performance": {
        "epoch_durations": [
            20.739023447036743,
            20.842536449432373,
            20.19585609436035,
            21.22196650505066,
            21.78844690322876,
            21.83715319633484,
            22.30713987350464,
            20.713708639144897,
            20.082945346832275,
            20.6743745803833,
            21.958414316177368,
            20.276596307754517,
            21.317897081375122,
            20.582916021347046,
            20.163880348205566,
            21.140155792236328,
            21.48097801208496,
            20.817166805267334
        ],
        "samples_per_second": [
            13007.700227010697,
            12943.098391815303,
            13357.542197744806,
            12711.687200891472,
            12381.1945476492,
            12353.57913069355,
            12093.302930350852,
            13023.597304549927,
            13432.6412456503,
            13048.375366864353,
            12285.358865883827,
            13304.353250689868,
            12654.484584958815,
            13106.354790556306,
            13378.724498531714,
            12760.8804140919,
            12558.41330167705,
            12958.871998457604
        ],
        "learning_rates": [
            0.0005,
            0.0005,
            0.0005,
            0.0005,
            0.0005,
            0.0005,
            0.0005,
            0.0005,
            0.0005,
            0.0005,
            0.0005,
            0.0005,
            0.0005,
            0.0005,
            0.0005,
            0.0005,
            0.0005,
            0.0005
        ],
        "memory_usage": [
            18.17578125,
            18.17578125,
            18.17578125,
            18.17578125,
            18.17578125,
            18.17578125,
            18.17578125,
            18.17578125,
            18.17578125,
            18.17578125,
            18.17578125,
            18.17578125,
            18.17578125,
            18.17578125,
            18.17578125,
            18.17578125,
            18.17578125,
            18.17578125
        ],
        "avg_epoch_time": 21.00784198443095,
        "total_samples_processed": 4855806
    },
    "timing": {
        "start_time": 1748289057.9926016,
        "end_time": null,
        "total_duration": null
    },
    "normalization": {
        "feature_scaler_path": null,
        "target_scaler_path": null
    }
}