{
    "model_name": "lstm",
    "model_config": {
        "input_size": 8,
        "hidden_size": 64,
        "num_layers": 2,
        "output_size": 6,
        "dropout_rate": 0.2,
        "sequence_length": 10
    },
    "training_config": {
        "batch_size": 128,
        "num_epochs": 200,
        "learning_rate": 0.0008,
        "val_split": 0.2,
        "device": "cuda",
        "random_seed": 42,
        "early_stopping_patience": 15,
        "early_stopping_min_delta": 1e-06
    },
    "training_history": {
        "train_losses": [
            0.5863587831940494,
            0.5383742881383909,
            0.5312949225476163,
            0.5282639138068318,
            0.5269962258891431,
            0.5242761743468792,
            0.5221279284738329,
            0.5209757092866545,
            0.5163133881342875,
            0.5130937529137567,
            0.510854551024325,
            0.5091362846573457,
            0.5053168186419547,
            0.505940711942185,
            0.5055222057364528,
            0.5030973653116421,
            0.5027623212661247,
            0.502592892670541,
            0.4995000578102566,
            0.5017132844733502,
            0.5019911693398482,
            0.49953965621821905,
            0.4990981243253885,
            0.49915662260489285,
            0.49852835638289544,
            0.496350276826455,
            0.49747553187470167,
            0.49696774804784405,
            0.4943467991203918,
            0.49619175202480076,
            0.4932836977803843,
            0.49493495014052574,
            0.494312325121386,
            0.49216056262377994,
            0.4934394161236354,
            0.49454637829998976,
            0.4932168317177603,
            0.4938864964899913,
            0.4920685386967331,
            0.4919635459172771,
            0.49107666541619027,
            0.4898717913218196,
            0.48897948445473044,
            0.4886880480177149
        ],
        "val_losses": [
            0.5193069412229862,
            0.513414212984989,
            0.507433221408606,
            0.5093539021838548,
            0.5070898001147629,
            0.5050933259403231,
            0.5027177825400454,
            0.4990361224457028,
            0.48815038244627007,
            0.49015620216529326,
            0.48476023689279973,
            0.4925936484387749,
            0.48154514639212465,
            0.48094347925181635,
            0.4840882909280978,
            0.49232644599065384,
            0.47780975173501405,
            0.4790945832230561,
            0.4760939410588999,
            0.4765235054142335,
            0.4793562232543214,
            0.4779243003683027,
            0.47361413219791665,
            0.4727280459294283,
            0.47032353916758607,
            0.4747381915516826,
            0.474829844494246,
            0.4701172383166355,
            0.4676354724270569,
            0.47794851092391943,
            0.4716499680812264,
            0.4677135989041663,
            0.4716936656374633,
            0.4796469552438897,
            0.46823711534944384,
            0.4761203683389658,
            0.48120102437612455,
            0.48485580013191903,
            0.47401130206501235,
            0.47627839313173204,
            0.4764207230573361,
            0.4733126132379673,
            0.4741788875219718,
            0.47094076200330054
        ],
        "epochs": [
            1,
            2,
            3,
            4,
            5,
            6,
            7,
            8,
            9,
            10,
            11,
            12,
            13,
            14,
            15,
            16,
            17,
            18,
            19,
            20,
            21,
            22,
            23,
            24,
            25,
            26,
            27,
            28,
            29,
            30,
            31,
            32,
            33,
            34,
            35,
            36,
            37,
            38,
            39,
            40,
            41,
            42,
            43,
            44
        ],
        "best_val_loss": 0.4676354724270569,
        "best_epoch": 29,
        "stopped_early": true,
        "early_stopping_epoch": 44
    },
    "timing": {
        "start_time": 1748280027.5990474,
        "end_time": 1748280387.1326697,
        "total_duration": 359.53362226486206
    },
    "normalization": {
        "feature_scaler_path": null,
        "target_scaler_path": null
    }
}