{
    "model_name": "lstm",
    "model_config": {
        "input_size": 8,
        "hidden_size": 64,
        "num_layers": 2,
        "output_size": 3,
        "dropout_rate": 0.2,
        "sequence_length": 10
    },
    "training_config": {
        "batch_size": 64,
        "num_epochs": 150,
        "learning_rate": 0.0005,
        "val_split": 0.2,
        "device": "cuda",
        "random_seed": 42,
        "early_stopping_patience": 15,
        "early_stopping_min_delta": 1e-05
    },
    "training_history": {
        "train_losses": [
            0.17777359405267618,
            0.08834694312084414,
            0.07964529833111685,
            0.07553848095776768,
            0.06981388188590294,
            0.06892905712515479,
            0.06634805751557438,
            0.06650862121045328,
            0.06692414961591145,
            0.06479446371162705,
            0.0646593057369295,
            0.06384432002448022,
            0.06346373379935066,
            0.06411787598995594,
            0.062265231607216094,
            0.06429133355717537,
            0.05251635965983188,
            0.053008792838565494,
            0.051971864108648104,
            0.05192644308255929,
            0.05195317351659172,
            0.05153065895819878,
            0.050684489995329304,
            0.05160241316116989,
            0.04945561137805378,
            0.048790597808103305,
            0.04778070303740713,
            0.048322493571961646,
            0.04881783432707825,
            0.047711268194958405,
            0.04869550391607193,
            0.04752766936031114,
            0.04773565516889874,
            0.04862068577200862,
            0.04645134574596632,
            0.04658157621943971,
            0.04800841551856911,
            0.04702083485101761,
            0.04555264657300069,
            0.04600899139430188,
            0.046899641174325185,
            0.04742868619780891,
            0.04794508094032979,
            0.047072584358270615,
            0.04690995607312768,
            0.046563309769928576,
            0.04636104171979683,
            0.047226092345565046,
            0.04756804165463005,
            0.046138214759202364,
            0.046680153099713656,
            0.046251020335367675,
            0.04708362164900613,
            0.04614053916747903
        ],
        "val_losses": [
            0.060733510141766346,
            0.03201497672981692,
            0.026797871297999397,
            0.04405779659934077,
            0.02086643185353868,
            0.03202671285336961,
            0.027818424963176717,
            0.02204575963703601,
            0.019805406164479542,
            0.01971615807289029,
            0.028048876348312546,
            0.02176789388661865,
            0.02292016672872429,
            0.021911405326952748,
            0.024414974619403385,
            0.02150117942747599,
            0.011524461658646757,
            0.010558948436191092,
            0.013389822750551577,
            0.012726373478118154,
            0.013830986160392196,
            0.015284080154152474,
            0.012835829759214781,
            0.010700150901162105,
            0.008812155399716281,
            0.009406008360193039,
            0.010415326654537716,
            0.01092304501978418,
            0.009206609085011799,
            0.009847362571681118,
            0.009313861697681815,
            0.00849950320402269,
            0.009412673301939576,
            0.009000793306968366,
            0.008325664186441522,
            0.008527965768576383,
            0.008721063803219584,
            0.008910917021403534,
            0.00815743677591131,
            0.008603153028448097,
            0.009030151543202166,
            0.009415011712265125,
            0.00845437209346982,
            0.00850645484503507,
            0.008684287460851554,
            0.008499278290338851,
            0.008511979153103229,
            0.008512585612260905,
            0.00869475284751913,
            0.008664646116902687,
            0.00843149835065001,
            0.00832748056992012,
            0.008365335425938987,
            0.008492814726886549
        ],
        "epochs": [
            1,
            2,
            3,
            4,
            5,
            6,
            7,
            8,
            9,
            10,
            11,
            12,
            13,
            14,
            15,
            16,
            17,
            18,
            19,
            20,
            21,
            22,
            23,
            24,
            25,
            26,
            27,
            28,
            29,
            30,
            31,
            32,
            33,
            34,
            35,
            36,
            37,
            38,
            39,
            40,
            41,
            42,
            43,
            44,
            45,
            46,
            47,
            48,
            49,
            50,
            51,
            52,
            53,
            54
        ],
        "best_val_loss": 0.00815743677591131,
        "best_epoch": 39,
        "stopped_early": true,
        "early_stopping_epoch": 54
    },
    "performance": {
        "epoch_durations": [
            17.28615093231201,
            17.71091365814209,
            18.385652780532837,
            19.27771258354187,
            19.08312153816223,
            19.319871187210083,
            19.26284408569336,
            18.53169274330139,
            16.451608657836914,
            16.310584783554077,
            16.013092517852783,
            14.629229545593262,
            15.754135847091675,
            15.66740107536316,
            15.577948808670044,
            14.220397233963013,
            15.244651794433594,
            14.85883617401123,
            14.64486289024353,
            14.633837699890137,
            14.231945276260376,
            14.921884059906006,
            14.274288892745972,
            15.171685934066772,
            14.093881368637085,
            15.188555240631104,
            14.36601734161377,
            15.107177257537842,
            14.333591938018799,
            15.038241147994995,
            14.232724666595459,
            15.806262493133545,
            14.754077196121216,
            14.652467012405396,
            15.129127264022827,
            13.155826330184937,
            13.337540864944458,
            12.665574312210083,
            13.472805976867676,
            13.709926843643188,
            14.826865196228027,
            13.496643304824829,
            12.506732940673828,
            13.281492471694946,
            12.325820446014404,
            12.929606914520264,
            12.944103956222534,
            12.608901977539062,
            13.212989091873169,
            12.44711971282959,
            13.028921842575073,
            13.450911045074463,
            12.583361148834229,
            13.170512199401855
        ],