{
    "model_name": "resnet",
    "model_config": {
        "input_size": 8,
        "hidden_size": 64,
        "num_blocks": 3,
        "output_size": 3,
        "dropout_rate": 0.2
    },
    "training_config": {
        "batch_size": 64,
        "num_epochs": 150,
        "learning_rate": 0.0005,
        "val_split": 0.2,
        "device": "cuda",
        "random_seed": 42,
        "early_stopping_patience": 15,
        "early_stopping_min_delta": 1e-05
    },
    "training_history": {
        "train_losses": [
            0.19803104186130147,
            0.10426714517123908,
            0.09037630130220467,
            0.08016263992064836,
            0.08039707065396677,
            0.07613146850064499,
            0.07303758434883323,
            0.07229533007255261,
            0.07160888866637558,
            0.07079439332489029,
            0.07107963005139192,
            0.07085074973202907,
            0.07104620899899151,
            0.061957971911248765,
            0.06296385287801291,
            0.06301240935709866,
            0.0615806643959012,
            0.062279248434114566,
            0.06187339862784562,
            0.0615473923910231,
            0.06114377300479906,
            0.058488978133251913,
            0.058984925780846055,
            0.05674990450657042,
            0.05998797946907857,
            0.058072676342712154,
            0.05817668044241891,
            0.05698567177329317,
            0.05857093898242727,
            0.058628912523792945,
            0.05781626745481351,
            0.05729269418525446,
            0.05750530224624519,
            0.0582619814703195,
            0.0567968105341739,
            0.05581739553520922,
            0.05619100545765446,
            0.05602642760789593,
            0.05634103055649187
        ],
        "val_losses": [
            0.04976852326279469,
            0.04276691161794588,
            0.04021522916283059,
            0.027456001898295255,
            0.04304039092259296,
            0.021913212956543113,
            0.017969935168083616,
            0.03531758171555708,
            0.02208550129907755,
            0.032988513897796494,
            0.02315821847331664,
            0.029296234101512112,
            0.02517754599326436,
            0.01674914032305225,
            0.013913391034252036,
            0.02159010615517682,
            0.014740506209917075,
            0.016761091310796866,
            0.021489587244634588,
            0.019329192148169423,
            0.01993158947450769,
            0.015912854312283436,
            0.018726932791728712,
            0.013689482357895065,
            0.016268905250975674,
            0.01790143459714685,
            0.017369993202610515,
            0.022401085727006696,
            0.017160811458912677,
            0.019571083389390287,
            0.01622428013289542,
            0.016439767478632985,
            0.017220402477255318,
            0.01531411330766231,
            0.01574153385546029,
            0.0170348964713733,
            0.01571646309385926,
            0.01717683766100735,
            0.015367214134245964
        ],
        "epochs": [
            1,
            2,
            3,
            4,
            5,
            6,
            7,
            8,
            9,
            10,
            11,
            12,
            13,
            14,
            15,
            16,
            17,
            18,
            19,
            20,
            21,
            22,
            23,
            24,
            25,
            26,
            27,
            28,
            29,
            30,
            31,
            32,
            33,
            34,
            35,
            36,
            37,
            38,
            39
        ],
        "best_val_loss": 0.013689482357895065,
        "best_epoch": 24,
        "stopped_early": true,
        "early_stopping_epoch": 39
    },
    "performance": {
        "epoch_durations": [
            19.86266851425171,
            17.468401670455933,
            18.36112689971924,
            18.911275386810303,
            17.433828353881836,
            18.886327028274536,
            18.397398710250854,
            18.276516914367676,
            18.867427349090576,
            19.93746280670166,
            19.40623712539673,
            20.1700336933136,
            19.986406564712524,
            18.73106551170349,
            20.941033840179443,
            20.011300802230835,
            20.819990396499634,
            20.01062822341919,
            19.19241213798523,
            19.095085382461548,
            20.170382261276245,
            21.319454431533813,
            20.185142755508423,
            19.73980474472046,
            19.985591411590576,
            20.023906707763672,
            21.462371349334717,
            21.099274158477783,
            20.289913415908813,
            22.093817234039307,
            19.70306134223938,
            19.58718514442444,
            21.0042884349823,
            21.25406527519226,
            20.94931435585022,
            21.850093126296997,
            19.811463594436646,
            18.162222146987915,
            17.930633544921875
        ],
        "samples_per_second": [
            13581.961547937723,
            15443.542293641269,
            14692.671178266577,
            14265.246234431881,
            15474.168640643511,
            14284.090262554702,
            14663.70350769669,
            14760.68997522844,
            14298.398769931042,
            13531.009568043923,
            13901.406968121077,
            13374.990052169846,
            13497.874123921101,
            14402.490869056039,
            12882.554035244724,
            13481.082647557121,
            12957.450741444905,
            13481.53576129476,
            14056.284226309877,
            14127.928448425897,
            13374.758916588353,
            12653.888534829233,
            13364.97855217695,
            13666.497895433988,
            13498.424662256704,
            13472.595729553774,
            12569.626888333678,
            12785.93746750305,
            13295.966053185666,
            12210.38434156896,
            13691.98396706298,
            13772.984633108046,
            12843.758113257281,
            12692.818832869594,
            12877.462021789941,
            12346.583533564986,
            13617.065630413927,
            14853.578918741518,
            15045.4248771596
        ],
        "learning_rates": [
            0.0005,
            0.0005,
            0.0005,
            0.0005,
            0.0005,
            0.0005,
            0.0005,
            0.0005,
            0.0005,
            0.0005,
            0.0005,
            0.0005,
            0.00015,
            0.00015,
            0.00015,
            0.00015,
            0.00015,
            0.00015,
            0.00015,
            0.00015,
            4.4999999999999996e-05,
            4.4999999999999996e-05,
            4.4999999999999996e-05,
            4.4999999999999996e-05,
            4.4999999999999996e-05,
            4.4999999999999996e-05,
            4.4999999999999996e-05,
            4.4999999999999996e-05,
            4.4999999999999996e-05,
            1.3499999999999998e-05,
            1.3499999999999998e-05,
            1.3499999999999998e-05,
            1.3499999999999998e-05,
            1.3499999999999998e-05,
            1.3499999999999998e-05,
            4.049999999999999e-06,
            4.049999999999999e-06,
            4.049999999999999e-06,
            4.049999999999999e-06
        ],